customer_id,date,transaction_amount,plan_type,churn,issuing_date,churn_predicted
CUST_1,2023-01-01,193.5246582,Basic,0,2021-03-01,0
CUST_1,2023-02-01,303.3426573,Standard,0,2021-03-01,0
CUST_1,2023-03-01,38.46096996,Standard,0,2021-03-01,0
CUST_1,2023-04-01,356.9555631,Premium,0,2021-03-01,0
CUST_1,2023-05-01,417.896894,Standard,0,2021-03-01,0
CUST_1,2023-06-01,,Premium,0,2021-03-01,0
CUST_1,2023-07-01,221.6530591,Standard,0,2021-03-01,0
CUST_1,2023-08-01,78.35199172,Standard,0,2021-03-01,0
CUST_1,2023-09-01,233.4742923,Premium,0,2021-03-01,0
CUST_1,2023-10-01,261.9748748,Standard,1,2021-03-01,1
CUST_1,2023-11-01,307.6969774,Basic,1,2021-03-01,1
CUST_1,2023-12-01,41.87528056,Basic,1,2021-03-01,1
CUST_2,2023-01-01,483.1596962,Premium,0,2018-03-01,0
CUST_2,2023-02-01,57.85933586,Standard,0,2018-03-01,0
CUST_2,2023-03-01,69.79873507,Premium,1,2018-03-01,1
CUST_2,2023-04-01,455.566997,Premium,1,2018-03-01,1
CUST_2,2023-05-01,334.6359193,Premium,1,2018-03-01,1
CUST_2,2023-06-01,264.8333304,Premium,1,2018-03-01,1
CUST_2,2023-07-01,100.5786832,Basic,1,2018-03-01,1
CUST_2,2023-08-01,389.8150834,Standard,1,2018-03-01,1
CUST_2,2023-09-01,448.4654017,Premium,1,2018-03-01,1
CUST_2,2023-10-01,461.7183752,Basic,1,2018-03-01,1
CUST_2,2023-11-01,106.0316026,Basic,1,2018-03-01,1
CUST_2,2023-12-01,169.4118621,Premium,1,2018-03-01,1
CUST_3,2023-01-01,142.9610256,Standard,0,2020-09-01,0
CUST_3,2023-02-01,147.6579097,Premium,0,2020-09-01,0
CUST_3,2023-03-01,403.0765206,Basic,0,2020-09-01,0
CUST_3,2023-04-01,388.399937,Basic,1,2020-09-01,1
CUST_3,2023-05-01,409.5760999,Basic,1,2020-09-01,1
CUST_3,2023-06-01,367.2135123,Premium,1,2020-09-01,1
CUST_3,2023-07-01,46.28187935,Basic,1,2020-09-01,1
CUST_3,2023-08-01,66.77583917,Premium,1,2020-09-01,1
CUST_3,2023-09-01,315.4160821,Basic,1,2020-09-01,1
CUST_3,2023-10-01,41.14359164,Basic,1,2020-09-01,1
CUST_3,2023-11-01,169.3398278,Basic,1,2020-09-01,1
CUST_3,2023-12-01,322.403161,Standard,1,2020-09-01,1
CUST_4,2023-01-01,241.3853133,Standard,0,2021-03-01,0
CUST_4,2023-02-01,382.7846738,Premium,0,2021-03-01,0
CUST_4,2023-03-01,251.9598422,Standard,0,2021-03-01,0
CUST_4,2023-04-01,22.4553721,Basic,1,2021-03-01,1
CUST_4,2023-05-01,321.8411015,Premium,1,2021-03-01,1
CUST_4,2023-06-01,259.1996387,Basic,1,2021-03-01,1
CUST_4,2023-07-01,132.1531923,Basic,1,2021-03-01,1
CUST_4,2023-08-01,380.2200579,Premium,1,2021-03-01,1
CUST_4,2023-09-01,47.72015582,Basic,1,2021-03-01,1
CUST_4,2023-10-01,88.99843075,Basic,1,2021-03-01,1
CUST_4,2023-11-01,405.978986,Premium,1,2021-03-01,1
CUST_4,2023-12-01,437.0156892,Basic,1,2021-03-01,1
CUST_5,2023-01-01,101.4193289,Basic,0,2018-07-01,0
CUST_5,2023-02-01,405.645676,Standard,0,2018-07-01,0
CUST_5,2023-03-01,63.92544302,Premium,0,2018-07-01,0
CUST_5,2023-04-01,410.8272353,Basic,1,2018-07-01,0
CUST_5,2023-05-01,260.2661783,Standard,1,2018-07-01,1
CUST_5,2023-06-01,118.8328271,Basic,1,2018-07-01,1
CUST_5,2023-07-01,175.431434,Basic,1,2018-07-01,1
CUST_5,2023-08-01,168.3694367,Basic,1,2018-07-01,1
CUST_5,2023-09-01,354.4792899,Standard,1,2018-07-01,1
CUST_5,2023-10-01,486.1732205,Premium,1,2018-07-01,1
CUST_5,2023-11-01,133.373325,Basic,1,2018-07-01,1
CUST_5,2023-12-01,157.4303718,Premium,1,2018-07-01,1
CUST_6,2023-01-01,28.0746042,Basic,0,2018-06-01,0
CUST_6,2023-02-01,35.22458811,Basic,0,2018-06-01,0
CUST_6,2023-03-01,127.3853264,Basic,0,2018-06-01,0
CUST_6,2023-04-01,492.9687225,Basic,0,2018-06-01,0
CUST_6,2023-05-01,383.1936115,Standard,0,2018-06-01,0
CUST_6,2023-06-01,190.213735,Basic,0,2018-06-01,0
CUST_6,2023-07-01,272.5295952,Standard,0,2018-06-01,0
CUST_6,2023-08-01,167.1822318,Standard,1,2018-06-01,1
CUST_6,2023-09-01,299.5375422,Premium,1,2018-06-01,1
CUST_6,2023-10-01,18.12803617,Premium,1,2018-06-01,1
CUST_6,2023-11-01,120.9829298,Standard,1,2018-06-01,1
CUST_6,2023-12-01,95.43955021,Premium,1,2018-06-01,1
CUST_7,2023-01-01,199.5003197,Standard,0,2020-10-01,0
CUST_7,2023-02-01,177.122512,Basic,0,2020-10-01,0
CUST_7,2023-03-01,439.8962832,Premium,0,2020-10-01,0
CUST_7,2023-04-01,410.4388781,Basic,0,2020-10-01,0
CUST_7,2023-05-01,128.5076225,Standard,0,2020-10-01,0
CUST_7,2023-06-01,451.204848,Premium,0,2020-10-01,0
CUST_7,2023-07-01,181.1126916,Standard,0,2020-10-01,0
CUST_7,2023-08-01,444.6723479,Basic,0,2020-10-01,0
CUST_7,2023-09-01,51.22858285,Standard,0,2020-10-01,0
CUST_7,2023-10-01,307.1502392,Premium,0,2020-10-01,0
CUST_7,2023-11-01,335.1158669,Basic,0,2020-10-01,0
CUST_7,2023-12-01,278.8795568,Standard,0,2020-10-01,0
CUST_8,2023-01-01,119.8919616,Standard,0,2021-12-01,0
CUST_8,2023-02-01,169.4458521,Standard,0,2021-12-01,0
CUST_8,2023-03-01,426.1194711,Premium,0,2021-12-01,0
CUST_8,2023-04-01,55.90063624,Standard,0,2021-12-01,0
CUST_8,2023-05-01,129.5549253,Standard,0,2021-12-01,0
CUST_8,2023-06-01,447.102812,Basic,0,2021-12-01,0
CUST_8,2023-07-01,256.2921756,Standard,0,2021-12-01,0
CUST_8,2023-08-01,105.669064,Basic,0,2021-12-01,0
CUST_8,2023-09-01,21.91482355,Standard,0,2021-12-01,0
CUST_8,2023-10-01,470.8247063,Premium,0,2021-12-01,0
CUST_8,2023-11-01,191.3777631,Premium,0,2021-12-01,0
CUST_8,2023-12-01,219.8102327,Basic,0,2021-12-01,0
CUST_9,2023-01-01,427.9746332,Standard,0,2018-05-01,0
CUST_9,2023-02-01,427.056969,Standard,0,2018-05-01,0
CUST_9,2023-03-01,282.8326186,Basic,0,2018-05-01,0
CUST_9,2023-04-01,289.3299733,Premium,0,2018-05-01,0
CUST_9,2023-05-01,495.1263866,Basic,0,2018-05-01,0
CUST_9,2023-06-01,439.9128052,Premium,0,2018-05-01,0
CUST_9,2023-07-01,354.2172012,Standard,0,2018-05-01,0
CUST_9,2023-08-01,406.5869662,Premium,0,2018-05-01,0
CUST_9,2023-09-01,457.4878708,Basic,0,2018-05-01,0
CUST_9,2023-10-01,401.1646377,Basic,0,2018-05-01,0
CUST_9,2023-11-01,399.938408,Standard,0,2018-05-01,0
CUST_9,2023-12-01,194.0356468,Premium,0,2018-05-01,0
CUST_10,2023-01-01,27.61171416,Basic,0,2022-08-01,0
CUST_10,2023-02-01,150.4052135,Standard,1,2022-08-01,0
CUST_10,2023-03-01,28.30061249,Basic,1,2022-08-01,1
CUST_10,2023-04-01,186.4934143,Basic,1,2022-08-01,1
CUST_10,2023-05-01,265.8991974,Premium,1,2022-08-01,1
CUST_10,2023-06-01,115.7523035,Standard,1,2022-08-01,1
CUST_10,2023-07-01,51.82025785,Premium,1,2022-08-01,1
CUST_10,2023-08-01,270.3637695,Premium,1,2022-08-01,1
CUST_10,2023-09-01,322.3406517,Standard,1,2022-08-01,1
CUST_10,2023-10-01,488.1675189,Standard,1,2022-08-01,1
CUST_10,2023-11-01,168.2486717,Basic,1,2022-08-01,1
CUST_10,2023-12-01,142.7078031,Standard,1,2022-08-01,1
CUST_11,2023-01-01,48.44362686,Basic,0,2023-01-01,0
CUST_11,2023-02-01,419.6302591,Premium,0,2023-01-01,0
CUST_11,2023-03-01,94.91421683,Premium,0,2023-01-01,0
CUST_11,2023-04-01,279.1210657,Standard,0,2023-01-01,0
CUST_11,2023-05-01,147.1676095,Standard,0,2023-01-01,0
CUST_11,2023-06-01,281.6334857,Standard,0,2023-01-01,0
CUST_11,2023-07-01,131.3881849,Premium,0,2023-01-01,0
CUST_11,2023-08-01,17.05280943,Basic,1,2023-01-01,1
CUST_11,2023-09-01,29.95711314,Standard,1,2023-01-01,1
CUST_11,2023-10-01,354.7923511,Basic,1,2023-01-01,1
CUST_11,2023-11-01,57.93873872,Premium,1,2023-01-01,1
CUST_11,2023-12-01,242.0011677,Basic,1,2023-01-01,1
CUST_12,2023-01-01,222.5873081,Premium,0,2020-03-01,0
CUST_12,2023-02-01,321.1958889,Standard,0,2020-03-01,0
CUST_12,2023-03-01,316.6713587,Basic,0,2020-03-01,0
CUST_12,2023-04-01,332.7598795,Standard,0,2020-03-01,0
CUST_12,2023-05-01,324.7854463,Standard,0,2020-03-01,0
CUST_12,2023-06-01,470.7128183,Premium,0,2020-03-01,0
CUST_12,2023-07-01,325.211227,Premium,0,2020-03-01,0
CUST_12,2023-08-01,471.3177563,Premium,0,2020-03-01,0
CUST_12,2023-09-01,453.6218146,Standard,0,2020-03-01,0
CUST_12,2023-10-01,59.38122067,Premium,0,2020-03-01,0
CUST_12,2023-11-01,344.673319,Premium,0,2020-03-01,0
CUST_12,2023-12-01,423.9889024,Basic,0,2020-03-01,0
CUST_13,2023-01-01,148.1088396,Standard,0,2020-12-01,0
CUST_13,2023-02-01,318.1819949,Basic,0,2020-12-01,0
CUST_13,2023-03-01,403.7056559,Standard,0,2020-12-01,0
CUST_13,2023-04-01,377.8012283,Premium,0,2020-12-01,0
CUST_13,2023-05-01,212.1826617,Basic,0,2020-12-01,0
CUST_13,2023-06-01,176.9937347,Premium,0,2020-12-01,0
CUST_13,2023-07-01,220.2070734,Premium,0,2020-12-01,0
CUST_13,2023-08-01,60.53069573,Premium,0,2020-12-01,0
CUST_13,2023-09-01,414.9641584,Premium,0,2020-12-01,0
CUST_13,2023-10-01,200.7088226,Basic,0,2020-12-01,0
CUST_13,2023-11-01,54.73047163,Premium,0,2020-12-01,0
CUST_13,2023-12-01,475.797502,Standard,0,2020-12-01,0
CUST_14,2023-01-01,229.7383058,Premium,0,2021-01-01,0
CUST_14,2023-02-01,339.5340435,Basic,0,2021-01-01,0
CUST_14,2023-03-01,396.91289,Basic,0,2021-01-01,0
CUST_14,2023-04-01,38.20379241,Standard,0,2021-01-01,0
CUST_14,2023-05-01,444.9750496,Standard,0,2021-01-01,0
CUST_14,2023-06-01,80.06592421,Standard,0,2021-01-01,0
CUST_14,2023-07-01,59.5501113,Standard,0,2021-01-01,0
CUST_14,2023-08-01,45.65387312,Premium,0,2021-01-01,0
CUST_14,2023-09-01,49.86090251,Basic,0,2021-01-01,0
CUST_14,2023-10-01,193.3926899,Standard,0,2021-01-01,0
CUST_14,2023-11-01,474.1518029,Premium,0,2021-01-01,0
CUST_14,2023-12-01,194.3671969,Premium,0,2021-01-01,0
CUST_15,2023-01-01,283.6180824,Premium,0,2022-03-01,0
CUST_15,2023-02-01,64.48676633,Basic,1,2022-03-01,1
CUST_15,2023-03-01,239.6437146,Standard,1,2022-03-01,0
CUST_15,2023-04-01,68.22077897,Premium,1,2022-03-01,1
CUST_15,2023-05-01,328.113048,Standard,1,2022-03-01,1
CUST_15,2023-06-01,295.8506949,Basic,1,2022-03-01,1
CUST_15,2023-07-01,193.686584,Standard,1,2022-03-01,0
CUST_15,2023-08-01,435.6135728,Basic,1,2022-03-01,1
CUST_15,2023-09-01,481.9790443,Premium,1,2022-03-01,1
CUST_15,2023-10-01,485.2406251,Standard,1,2022-03-01,1
CUST_15,2023-11-01,446.6601257,Standard,1,2022-03-01,1
CUST_15,2023-12-01,496.5527501,Premium,1,2022-03-01,1
CUST_16,2023-01-01,281.3885994,Basic,0,2018-01-01,0
CUST_16,2023-02-01,318.4053327,Basic,0,2018-01-01,0
CUST_16,2023-03-01,317.5034592,Standard,0,2018-01-01,0
CUST_16,2023-04-01,32.26872637,Basic,0,2018-01-01,0
CUST_16,2023-05-01,446.2292541,Standard,0,2018-01-01,0
CUST_16,2023-06-01,145.9167797,Premium,0,2018-01-01,0
CUST_16,2023-07-01,183.1425917,Standard,0,2018-01-01,0
CUST_16,2023-08-01,487.4534558,Standard,0,2018-01-01,0
CUST_16,2023-09-01,272.6872195,Basic,0,2018-01-01,0
CUST_16,2023-10-01,345.5182746,Standard,0,2018-01-01,0
CUST_16,2023-11-01,413.043249,Standard,0,2018-01-01,0
CUST_16,2023-12-01,310.573446,Standard,0,2018-01-01,0
CUST_17,2023-01-01,434.3713059,Standard,1,2019-06-01,0
CUST_17,2023-02-01,194.4670498,Standard,1,2019-06-01,1
CUST_17,2023-03-01,493.7653034,Standard,1,2019-06-01,1
CUST_17,2023-04-01,301.1240505,Basic,1,2019-06-01,1
CUST_17,2023-05-01,485.2580549,Standard,1,2019-06-01,1
CUST_17,2023-06-01,420.7810653,Standard,1,2019-06-01,1
CUST_17,2023-07-01,213.2615561,Premium,1,2019-06-01,1
CUST_17,2023-08-01,37.62399336,Basic,1,2019-06-01,1
CUST_17,2023-09-01,408.3214945,Premium,1,2019-06-01,1
CUST_17,2023-10-01,498.3520502,Premium,1,2019-06-01,1
CUST_17,2023-11-01,386.8038334,Premium,1,2019-06-01,1
CUST_17,2023-12-01,426.3272214,Standard,1,2019-06-01,1
CUST_18,2023-01-01,230.7666263,Basic,0,2018-12-01,0
CUST_18,2023-02-01,307.0255709,Premium,0,2018-12-01,0
CUST_18,2023-03-01,312.8828378,Basic,0,2018-12-01,0
CUST_18,2023-04-01,339.0708658,Basic,0,2018-12-01,0
CUST_18,2023-05-01,264.8801155,Basic,0,2018-12-01,0
CUST_18,2023-06-01,284.8596061,Basic,0,2018-12-01,0
CUST_18,2023-07-01,75.66746194,Standard,0,2018-12-01,0
CUST_18,2023-08-01,313.9516802,Basic,0,2018-12-01,0
CUST_18,2023-09-01,76.82202304,Basic,0,2018-12-01,0
CUST_18,2023-10-01,299.0596666,Premium,0,2018-12-01,0
CUST_18,2023-11-01,453.0377603,Basic,0,2018-12-01,0
CUST_18,2023-12-01,393.9899762,Standard,0,2018-12-01,0
CUST_19,2023-01-01,432.5582173,Basic,0,2020-12-01,0
CUST_19,2023-02-01,464.0279363,Standard,0,2020-12-01,0
CUST_19,2023-03-01,234.9765206,Premium,0,2020-12-01,0
CUST_19,2023-04-01,171.088289,Standard,0,2020-12-01,0
CUST_19,2023-05-01,47.17303077,Basic,0,2020-12-01,0
CUST_19,2023-06-01,84.43231982,Standard,0,2020-12-01,0
CUST_19,2023-07-01,99.12124136,Premium,0,2020-12-01,0
CUST_19,2023-08-01,242.2412037,Standard,0,2020-12-01,0
CUST_19,2023-09-01,104.2216192,Premium,0,2020-12-01,0
CUST_19,2023-10-01,146.5092661,Basic,0,2020-12-01,0
CUST_19,2023-11-01,69.11157684,Basic,0,2020-12-01,0
CUST_19,2023-12-01,188.4922319,Premium,0,2020-12-01,0
CUST_20,2023-01-01,29.26294852,Premium,0,2019-07-01,0
CUST_20,2023-02-01,50.06192565,Basic,0,2019-07-01,0
CUST_20,2023-03-01,39.92820033,Premium,0,2019-07-01,0
CUST_20,2023-04-01,376.6472483,Standard,0,2019-07-01,0
CUST_20,2023-05-01,191.5313304,Standard,0,2019-07-01,0
CUST_20,2023-06-01,190.7676834,Premium,0,2019-07-01,0
CUST_20,2023-07-01,27.97476942,Standard,0,2019-07-01,0
CUST_20,2023-08-01,448.6513505,Premium,0,2019-07-01,0
CUST_20,2023-09-01,62.51428556,Premium,0,2019-07-01,0
CUST_20,2023-10-01,128.8105468,Basic,0,2019-07-01,0
CUST_20,2023-11-01,19.83488691,Standard,0,2019-07-01,0
CUST_20,2023-12-01,170.4737026,Standard,0,2019-07-01,0
CUST_21,2023-01-01,300.8603022,Standard,0,2019-05-01,0
CUST_21,2023-02-01,254.2366775,Basic,0,2019-05-01,0
CUST_21,2023-03-01,297.5521478,Premium,0,2019-05-01,0
CUST_21,2023-04-01,72.51434837,Standard,0,2019-05-01,0
CUST_21,2023-05-01,326.4994483,Premium,0,2019-05-01,0
CUST_21,2023-06-01,493.3924719,Basic,0,2019-05-01,0
CUST_21,2023-07-01,59.87341158,Basic,0,2019-05-01,0
CUST_21,2023-08-01,88.7338729,Premium,0,2019-05-01,0
CUST_21,2023-09-01,94.95306169,Basic,0,2019-05-01,0
CUST_21,2023-10-01,267.0105809,Basic,0,2019-05-01,0
CUST_21,2023-11-01,64.89906206,Standard,0,2019-05-01,0
CUST_21,2023-12-01,434.0984917,Premium,0,2019-05-01,0
CUST_22,2023-01-01,93.73491782,Premium,0,2019-06-01,0
CUST_22,2023-02-01,,Basic,0,2019-06-01,0
CUST_22,2023-03-01,387.0515373,Premium,0,2019-06-01,0
CUST_22,2023-04-01,218.4638549,Basic,0,2019-06-01,0
CUST_22,2023-05-01,66.27004412,Premium,0,2019-06-01,0
CUST_22,2023-06-01,294.8067285,Premium,0,2019-06-01,0
CUST_22,2023-07-01,270.968822,Premium,0,2019-06-01,0
CUST_22,2023-08-01,75.8631917,Premium,0,2019-06-01,0
CUST_22,2023-09-01,167.953384,Premium,0,2019-06-01,0
CUST_22,2023-10-01,343.9363339,Basic,0,2019-06-01,0
CUST_22,2023-11-01,241.0723324,Premium,0,2019-06-01,0
CUST_22,2023-12-01,465.4692807,Basic,0,2019-06-01,0
CUST_23,2023-01-01,70.90563951,Basic,0,2018-08-01,0
CUST_23,2023-02-01,98.80420242,Basic,0,2018-08-01,0
CUST_23,2023-03-01,291.4918255,Standard,0,2018-08-01,0
CUST_23,2023-04-01,399.6809828,Standard,0,2018-08-01,0
CUST_23,2023-05-01,90.49024099,Premium,0,2018-08-01,0
CUST_23,2023-06-01,266.3020581,Basic,0,2018-08-01,0
CUST_23,2023-07-01,202.2981026,Standard,0,2018-08-01,0
CUST_23,2023-08-01,194.7027704,Premium,0,2018-08-01,0
CUST_23,2023-09-01,376.3285963,Standard,0,2018-08-01,0
CUST_23,2023-10-01,450.7915409,Premium,0,2018-08-01,0
CUST_23,2023-11-01,454.1713344,Basic,0,2018-08-01,0
CUST_23,2023-12-01,470.5177406,Basic,0,2018-08-01,0
CUST_24,2023-01-01,78.24331561,Standard,0,2020-11-01,0
CUST_24,2023-02-01,271.3959351,Premium,0,2020-11-01,0
CUST_24,2023-03-01,84.32069107,Standard,0,2020-11-01,0
CUST_24,2023-04-01,374.5336834,Premium,0,2020-11-01,0
CUST_24,2023-05-01,383.604756,Basic,0,2020-11-01,0
CUST_24,2023-06-01,,Standard,0,2020-11-01,0
CUST_24,2023-07-01,72.46944454,Premium,0,2020-11-01,0
CUST_24,2023-08-01,83.4595394,Standard,0,2020-11-01,0
CUST_24,2023-09-01,362.8179029,Premium,0,2020-11-01,0
CUST_24,2023-10-01,275.9349772,Premium,0,2020-11-01,0
CUST_24,2023-11-01,98.98288123,Basic,0,2020-11-01,0
CUST_24,2023-12-01,206.4171942,Premium,0,2020-11-01,0
CUST_25,2023-01-01,85.14218753,Basic,0,2019-10-01,0
CUST_25,2023-02-01,309.6125754,Standard,0,2019-10-01,0
CUST_25,2023-03-01,466.7379584,Standard,0,2019-10-01,0
CUST_25,2023-04-01,462.0246968,Premium,0,2019-10-01,0
CUST_25,2023-05-01,292.3812965,Basic,0,2019-10-01,0
CUST_25,2023-06-01,370.8576755,Standard,0,2019-10-01,0
CUST_25,2023-07-01,230.911292,Standard,0,2019-10-01,0
CUST_25,2023-08-01,421.0600624,Standard,0,2019-10-01,0
CUST_25,2023-09-01,436.2492174,Basic,0,2019-10-01,0
CUST_25,2023-10-01,205.5113249,Premium,0,2019-10-01,0
CUST_25,2023-11-01,403.3981898,Standard,0,2019-10-01,0
CUST_25,2023-12-01,205.1026599,Standard,0,2019-10-01,0
CUST_26,2023-01-01,179.7095372,Standard,0,2022-05-01,0
CUST_26,2023-02-01,231.586791,Basic,0,2022-05-01,0
CUST_26,2023-03-01,79.01993999,Basic,0,2022-05-01,0
CUST_26,2023-04-01,215.2734703,Standard,0,2022-05-01,0
CUST_26,2023-05-01,294.4882916,Basic,1,2022-05-01,1
CUST_26,2023-06-01,335.1333123,Basic,1,2022-05-01,1
CUST_26,2023-07-01,480.9244556,Standard,1,2022-05-01,0
CUST_26,2023-08-01,213.1658206,Premium,1,2022-05-01,1
CUST_26,2023-09-01,498.4683834,Standard,1,2022-05-01,1
CUST_26,2023-10-01,301.7386585,Premium,1,2022-05-01,1
CUST_26,2023-11-01,377.4806305,Basic,1,2022-05-01,1
CUST_26,2023-12-01,450.0466018,Basic,1,2022-05-01,1
CUST_27,2023-01-01,103.4369831,Basic,0,2022-04-01,0
CUST_27,2023-02-01,286.7721553,Standard,0,2022-04-01,0
CUST_27,2023-03-01,232.111529,Standard,0,2022-04-01,0
CUST_27,2023-04-01,206.3738998,Standard,0,2022-04-01,0
CUST_27,2023-05-01,99.14478394,Basic,0,2022-04-01,0
CUST_27,2023-06-01,192.921565,Standard,0,2022-04-01,0
CUST_27,2023-07-01,210.2797438,Basic,0,2022-04-01,0
CUST_27,2023-08-01,360.8263921,Standard,1,2022-04-01,1
CUST_27,2023-09-01,118.7663593,Standard,1,2022-04-01,1
CUST_27,2023-10-01,339.2274444,Basic,1,2022-04-01,1
CUST_27,2023-11-01,61.01320517,Basic,1,2022-04-01,1
CUST_27,2023-12-01,97.48688441,Basic,1,2022-04-01,1
CUST_28,2023-01-01,126.7095627,Basic,0,2018-02-01,0
CUST_28,2023-02-01,363.9107966,Basic,0,2018-02-01,0
CUST_28,2023-03-01,204.6199295,Basic,0,2018-02-01,0
CUST_28,2023-04-01,153.6423878,Basic,1,2018-02-01,0
CUST_28,2023-05-01,51.89918012,Standard,1,2018-02-01,1
CUST_28,2023-06-01,23.0007799,Premium,1,2018-02-01,1
CUST_28,2023-07-01,295.6903649,Premium,1,2018-02-01,1
CUST_28,2023-08-01,447.4091384,Standard,1,2018-02-01,1
CUST_28,2023-09-01,177.4905023,Basic,1,2018-02-01,1
CUST_28,2023-10-01,196.04928,Premium,1,2018-02-01,1
CUST_28,2023-11-01,141.351184,Standard,1,2018-02-01,1
CUST_28,2023-12-01,210.6117096,Standard,1,2018-02-01,1
CUST_29,2023-01-01,223.7019993,Premium,0,2022-09-01,0
CUST_29,2023-02-01,384.1668391,Premium,0,2022-09-01,0
CUST_29,2023-03-01,248.8412871,Premium,0,2022-09-01,0
CUST_29,2023-04-01,218.3546172,Standard,0,2022-09-01,0
CUST_29,2023-05-01,275.4007652,Premium,0,2022-09-01,0
CUST_29,2023-06-01,78.2844763,Basic,0,2022-09-01,0
CUST_29,2023-07-01,267.5881893,Standard,0,2022-09-01,0
CUST_29,2023-08-01,19.01143151,Basic,0,2022-09-01,0
CUST_29,2023-09-01,292.493073,Basic,0,2022-09-01,0
CUST_29,2023-10-01,329.1959903,Standard,0,2022-09-01,0
CUST_29,2023-11-01,15.38795604,Premium,0,2022-09-01,0
CUST_29,2023-12-01,438.206138,Premium,0,2022-09-01,0
CUST_30,2023-01-01,335.8679705,Standard,0,2021-06-01,0
CUST_30,2023-02-01,215.1975572,Standard,0,2021-06-01,0
CUST_30,2023-03-01,33.01332372,Standard,0,2021-06-01,0
CUST_30,2023-04-01,50.57134728,Premium,0,2021-06-01,0
CUST_30,2023-05-01,200.7548509,Premium,0,2021-06-01,0
CUST_30,2023-06-01,362.3324935,Premium,0,2021-06-01,0
CUST_30,2023-07-01,243.2646971,Basic,0,2021-06-01,0
CUST_30,2023-08-01,368.9603276,Premium,1,2021-06-01,1
CUST_30,2023-09-01,138.5093817,Standard,1,2021-06-01,1
CUST_30,2023-10-01,35.19864861,Basic,1,2021-06-01,1
CUST_30,2023-11-01,302.452996,Basic,1,2021-06-01,1
CUST_30,2023-12-01,387.7469798,Premium,1,2021-06-01,1
CUST_31,2023-01-01,46.81751305,Basic,0,2022-07-01,0
CUST_31,2023-02-01,347.3171742,Standard,0,2022-07-01,0
CUST_31,2023-03-01,411.3601357,Premium,0,2022-07-01,0
CUST_31,2023-04-01,143.3511172,Standard,0,2022-07-01,0
CUST_31,2023-05-01,54.87521593,Standard,0,2022-07-01,0
CUST_31,2023-06-01,475.6163034,Premium,0,2022-07-01,0
CUST_31,2023-07-01,275.5314642,Premium,0,2022-07-01,0
CUST_31,2023-08-01,405.2149625,Standard,0,2022-07-01,0
CUST_31,2023-09-01,426.1058693,Premium,0,2022-07-01,0
CUST_31,2023-10-01,118.3926265,Standard,0,2022-07-01,0
CUST_31,2023-11-01,29.31913757,Premium,0,2022-07-01,0
CUST_31,2023-12-01,98.48191911,Basic,0,2022-07-01,0
CUST_32,2023-01-01,26.63352951,Premium,0,2019-09-01,0
CUST_32,2023-02-01,462.9541357,Standard,0,2019-09-01,0
CUST_32,2023-03-01,242.3649662,Standard,0,2019-09-01,0
CUST_32,2023-04-01,166.3592319,Basic,1,2019-09-01,1
CUST_32,2023-05-01,302.1722405,Basic,1,2019-09-01,1
CUST_32,2023-06-01,69.07777403,Basic,1,2019-09-01,1
CUST_32,2023-07-01,351.1815002,Standard,1,2019-09-01,1
CUST_32,2023-08-01,365.135718,Standard,1,2019-09-01,1
CUST_32,2023-09-01,164.4922655,Premium,1,2019-09-01,1
CUST_32,2023-10-01,397.4543508,Standard,1,2019-09-01,1
CUST_32,2023-11-01,316.6867745,Basic,1,2019-09-01,1
CUST_32,2023-12-01,311.7729622,Basic,1,2019-09-01,1
CUST_33,2023-01-01,21.95638296,Basic,1,2022-11-01,1
CUST_33,2023-02-01,438.6038196,Standard,1,2022-11-01,1
CUST_33,2023-03-01,470.1431723,Premium,1,2022-11-01,1
CUST_33,2023-04-01,498.9877142,Standard,1,2022-11-01,1
CUST_33,2023-05-01,385.9222616,Standard,1,2022-11-01,1
CUST_33,2023-06-01,245.1390539,Basic,1,2022-11-01,1
CUST_33,2023-07-01,438.101786,Standard,1,2022-11-01,1
CUST_33,2023-08-01,386.4539728,Standard,1,2022-11-01,1
CUST_33,2023-09-01,216.4649311,Premium,1,2022-11-01,1
CUST_33,2023-10-01,127.0008014,Basic,1,2022-11-01,1
CUST_33,2023-11-01,183.7648572,Basic,1,2022-11-01,1
CUST_33,2023-12-01,155.190979,Basic,1,2022-11-01,1
CUST_34,2023-01-01,30.62566292,Premium,0,2018-04-01,0
CUST_34,2023-02-01,219.6088355,Standard,0,2018-04-01,0
CUST_34,2023-03-01,116.9444051,Standard,0,2018-04-01,0
CUST_34,2023-04-01,53.81139113,Standard,0,2018-04-01,0
CUST_34,2023-05-01,472.9186909,Basic,0,2018-04-01,0
CUST_34,2023-06-01,91.84663359,Standard,0,2018-04-01,0
CUST_34,2023-07-01,471.9385693,Standard,0,2018-04-01,0
CUST_34,2023-08-01,261.2173704,Standard,0,2018-04-01,0
CUST_34,2023-09-01,118.0382424,Premium,0,2018-04-01,0
CUST_34,2023-10-01,181.561377,Basic,0,2018-04-01,0
CUST_34,2023-11-01,443.0550836,Standard,0,2018-04-01,0
CUST_34,2023-12-01,95.20867212,Premium,0,2018-04-01,0
CUST_35,2023-01-01,351.0501028,Standard,0,2018-01-01,0
CUST_35,2023-02-01,119.9758802,Premium,0,2018-01-01,0
CUST_35,2023-03-01,300.5405681,Basic,0,2018-01-01,0
CUST_35,2023-04-01,439.9558227,Premium,0,2018-01-01,0
CUST_35,2023-05-01,445.4865591,Standard,0,2018-01-01,0
CUST_35,2023-06-01,406.6628766,Premium,0,2018-01-01,0
CUST_35,2023-07-01,52.62351236,Premium,0,2018-01-01,0
CUST_35,2023-08-01,137.279354,Basic,0,2018-01-01,0
CUST_35,2023-09-01,49.71264579,Basic,0,2018-01-01,0
CUST_35,2023-10-01,47.30412115,Premium,0,2018-01-01,0
CUST_35,2023-11-01,245.4874229,Standard,0,2018-01-01,0
CUST_35,2023-12-01,180.4265119,Standard,0,2018-01-01,0
CUST_36,2023-01-01,140.8438524,Standard,0,2020-08-01,0
CUST_36,2023-02-01,332.641399,Standard,0,2020-08-01,0
CUST_36,2023-03-01,357.0978586,Premium,0,2020-08-01,0
CUST_36,2023-04-01,343.2689782,Standard,0,2020-08-01,0
CUST_36,2023-05-01,87.71650159,Premium,0,2020-08-01,0
CUST_36,2023-06-01,24.33116869,Premium,0,2020-08-01,0
CUST_36,2023-07-01,174.2082386,Standard,0,2020-08-01,0
CUST_36,2023-08-01,410.8038418,Basic,0,2020-08-01,0
CUST_36,2023-09-01,13.12907714,Standard,0,2020-08-01,0
CUST_36,2023-10-01,490.7812272,Standard,0,2020-08-01,1
CUST_36,2023-11-01,320.6627945,Basic,0,2020-08-01,0
CUST_36,2023-12-01,62.42051303,Standard,0,2020-08-01,0
CUST_37,2023-01-01,481.8660819,Standard,0,2019-03-01,0
CUST_37,2023-02-01,466.6937717,Basic,0,2019-03-01,0
CUST_37,2023-03-01,347.0640039,Basic,0,2019-03-01,0
CUST_37,2023-04-01,357.0043234,Premium,0,2019-03-01,0
CUST_37,2023-05-01,179.4826979,Basic,1,2019-03-01,0
CUST_37,2023-06-01,437.053035,Standard,1,2019-03-01,1
CUST_37,2023-07-01,484.7501491,Standard,1,2019-03-01,1
CUST_37,2023-08-01,73.74225766,Basic,1,2019-03-01,0
CUST_37,2023-09-01,22.04758906,Standard,1,2019-03-01,1
CUST_37,2023-10-01,168.5690074,Basic,1,2019-03-01,1
CUST_37,2023-11-01,387.4996347,Premium,1,2019-03-01,1
CUST_37,2023-12-01,228.4923261,Standard,1,2019-03-01,1
CUST_38,2023-01-01,498.5910051,Standard,0,2018-10-01,0
CUST_38,2023-02-01,90.17567238,Premium,0,2018-10-01,0
CUST_38,2023-03-01,118.1771103,Standard,0,2018-10-01,0
CUST_38,2023-04-01,330.710495,Basic,0,2018-10-01,0
CUST_38,2023-05-01,84.01836697,Basic,0,2018-10-01,0
CUST_38,2023-06-01,215.6663853,Standard,0,2018-10-01,0
CUST_38,2023-07-01,144.3654492,Premium,0,2018-10-01,0
CUST_38,2023-08-01,448.1086098,Standard,0,2018-10-01,0
CUST_38,2023-09-01,25.25570061,Standard,0,2018-10-01,0
CUST_38,2023-10-01,433.5355424,Premium,0,2018-10-01,0
CUST_38,2023-11-01,100.9075027,Premium,0,2018-10-01,0
CUST_38,2023-12-01,387.7517039,Basic,0,2018-10-01,0
CUST_39,2023-01-01,316.8479576,Basic,1,2020-12-01,1
CUST_39,2023-02-01,461.2154454,Basic,1,2020-12-01,1
CUST_39,2023-03-01,400.3032726,Standard,1,2020-12-01,1
CUST_39,2023-04-01,67.48101259,Basic,1,2020-12-01,1
CUST_39,2023-05-01,345.9269907,Premium,1,2020-12-01,1
CUST_39,2023-06-01,108.2571161,Basic,1,2020-12-01,1
CUST_39,2023-07-01,41.46237917,Premium,1,2020-12-01,1
CUST_39,2023-08-01,141.8067682,Premium,1,2020-12-01,1
CUST_39,2023-09-01,162.0773599,Standard,1,2020-12-01,1
CUST_39,2023-10-01,15.69406455,Standard,1,2020-12-01,1
CUST_39,2023-11-01,202.3218426,Premium,1,2020-12-01,1
CUST_39,2023-12-01,304.0100686,Standard,1,2020-12-01,1
CUST_40,2023-01-01,350.5411242,Standard,0,2020-09-01,0
CUST_40,2023-02-01,29.41322442,Standard,0,2020-09-01,0
CUST_40,2023-03-01,128.6020578,Premium,0,2020-09-01,0
CUST_40,2023-04-01,254.4551952,Premium,0,2020-09-01,0
CUST_40,2023-05-01,284.2278549,Basic,0,2020-09-01,0
CUST_40,2023-06-01,263.6787053,Standard,0,2020-09-01,0
CUST_40,2023-07-01,26.26952331,Basic,0,2020-09-01,0
CUST_40,2023-08-01,75.03071948,Premium,0,2020-09-01,0
CUST_40,2023-09-01,402.2874826,Basic,0,2020-09-01,0
CUST_40,2023-10-01,61.23824176,Standard,0,2020-09-01,0
CUST_40,2023-11-01,25.47721096,Standard,0,2020-09-01,0
CUST_40,2023-12-01,275.2352043,Basic,0,2020-09-01,0
CUST_41,2023-01-01,359.9025967,Basic,0,2019-01-01,0
CUST_41,2023-02-01,409.2643057,Standard,0,2019-01-01,0
CUST_41,2023-03-01,278.3202643,Premium,0,2019-01-01,0
CUST_41,2023-04-01,325.3530706,Premium,0,2019-01-01,0
CUST_41,2023-05-01,49.99869119,Premium,0,2019-01-01,0
CUST_41,2023-06-01,88.17689326,Basic,0,2019-01-01,0
CUST_41,2023-07-01,488.1739754,Basic,0,2019-01-01,0
CUST_41,2023-08-01,396.9522685,Premium,0,2019-01-01,0
CUST_41,2023-09-01,282.12814,Basic,0,2019-01-01,0
CUST_41,2023-10-01,498.2036189,Basic,0,2019-01-01,0
CUST_41,2023-11-01,107.775801,Premium,0,2019-01-01,0
CUST_41,2023-12-01,25.01972608,Standard,0,2019-01-01,0
CUST_42,2023-01-01,435.4535277,Basic,0,2018-06-01,0
CUST_42,2023-02-01,218.4917339,Standard,0,2018-06-01,0
CUST_42,2023-03-01,493.9482862,Basic,0,2018-06-01,0
CUST_42,2023-04-01,293.5509502,Premium,0,2018-06-01,0
CUST_42,2023-05-01,248.4677813,Basic,0,2018-06-01,0
CUST_42,2023-06-01,216.6432542,Standard,0,2018-06-01,0
CUST_42,2023-07-01,457.0580394,Standard,0,2018-06-01,0
CUST_42,2023-08-01,319.4645078,Standard,0,2018-06-01,0
CUST_42,2023-09-01,360.7542327,Basic,0,2018-06-01,0
CUST_42,2023-10-01,126.3962292,Basic,0,2018-06-01,0
CUST_42,2023-11-01,428.6486958,Standard,0,2018-06-01,0
CUST_42,2023-12-01,436.6674516,Premium,0,2018-06-01,0
CUST_43,2023-01-01,186.024351,Premium,0,2019-10-01,0
CUST_43,2023-02-01,201.629953,Basic,0,2019-10-01,0
CUST_43,2023-03-01,331.8009656,Standard,0,2019-10-01,0
CUST_43,2023-04-01,74.12809375,Basic,0,2019-10-01,0
CUST_43,2023-05-01,125.664727,Premium,0,2019-10-01,0
CUST_43,2023-06-01,264.6892348,Standard,0,2019-10-01,0
CUST_43,2023-07-01,221.1348866,Basic,0,2019-10-01,0
CUST_43,2023-08-01,356.3208363,Basic,0,2019-10-01,0
CUST_43,2023-09-01,27.9689992,Basic,0,2019-10-01,0
CUST_43,2023-10-01,242.5691291,Standard,0,2019-10-01,0
CUST_43,2023-11-01,296.8236386,Basic,0,2019-10-01,0
CUST_43,2023-12-01,64.8406135,Premium,0,2019-10-01,0
CUST_44,2023-01-01,270.2730687,Standard,1,2020-09-01,1
CUST_44,2023-02-01,69.83385786,Standard,1,2020-09-01,1
CUST_44,2023-03-01,467.5987586,Standard,1,2020-09-01,1
CUST_44,2023-04-01,258.5450563,Standard,1,2020-09-01,1
CUST_44,2023-05-01,82.68816847,Premium,1,2020-09-01,1
CUST_44,2023-06-01,482.9081613,Basic,1,2020-09-01,1
CUST_44,2023-07-01,476.3877749,Premium,1,2020-09-01,1
CUST_44,2023-08-01,435.2799643,Basic,1,2020-09-01,1
CUST_44,2023-09-01,262.642054,Standard,1,2020-09-01,1
CUST_44,2023-10-01,336.7634862,Standard,1,2020-09-01,1
CUST_44,2023-11-01,24.68705904,Standard,1,2020-09-01,1
CUST_44,2023-12-01,355.2935737,Basic,1,2020-09-01,1
CUST_45,2023-01-01,339.9818923,Premium,0,2022-07-01,0
CUST_45,2023-02-01,339.5750379,Basic,0,2022-07-01,0
CUST_45,2023-03-01,96.80339683,Standard,0,2022-07-01,0
CUST_45,2023-04-01,472.8609675,Premium,0,2022-07-01,0
CUST_45,2023-05-01,312.7451477,Premium,0,2022-07-01,0
CUST_45,2023-06-01,24.88965925,Premium,0,2022-07-01,1
CUST_45,2023-07-01,341.491559,Premium,0,2022-07-01,1
CUST_45,2023-08-01,202.9935588,Basic,0,2022-07-01,0
CUST_45,2023-09-01,332.3441993,Premium,1,2022-07-01,1
CUST_45,2023-10-01,488.8153503,Standard,1,2022-07-01,1
CUST_45,2023-11-01,436.6691907,Standard,1,2022-07-01,1
CUST_45,2023-12-01,287.8379679,Standard,1,2022-07-01,1
CUST_46,2023-01-01,440.472625,Premium,0,2020-07-01,0
CUST_46,2023-02-01,337.1207589,Basic,0,2020-07-01,0
CUST_46,2023-03-01,400.9286879,Premium,0,2020-07-01,0
CUST_46,2023-04-01,68.90243713,Premium,1,2020-07-01,1
CUST_46,2023-05-01,169.0470567,Standard,1,2020-07-01,1
CUST_46,2023-06-01,204.1246189,Standard,1,2020-07-01,1
CUST_46,2023-07-01,200.3934696,Basic,1,2020-07-01,1
CUST_46,2023-08-01,126.3966241,Standard,1,2020-07-01,1
CUST_46,2023-09-01,121.3621174,Premium,1,2020-07-01,1
CUST_46,2023-10-01,305.6898108,Standard,1,2020-07-01,1
CUST_46,2023-11-01,313.5502695,Basic,1,2020-07-01,1
CUST_46,2023-12-01,196.0950323,Standard,1,2020-07-01,1
CUST_47,2023-01-01,264.3500747,Standard,1,2022-02-01,1
CUST_47,2023-02-01,177.2114355,Premium,1,2022-02-01,1
CUST_47,2023-03-01,205.4231626,Standard,1,2022-02-01,1
CUST_47,2023-04-01,,Premium,1,2022-02-01,1
CUST_47,2023-05-01,384.7927982,Basic,1,2022-02-01,1
CUST_47,2023-06-01,361.8803074,Standard,1,2022-02-01,1
CUST_47,2023-07-01,18.93396551,Basic,1,2022-02-01,1
CUST_47,2023-08-01,13.70580874,Basic,1,2022-02-01,1
CUST_47,2023-09-01,450.034969,Premium,1,2022-02-01,1
CUST_47,2023-10-01,464.246927,Premium,1,2022-02-01,1
CUST_47,2023-11-01,467.8736531,Basic,1,2022-02-01,1
CUST_47,2023-12-01,59.69620594,Standard,1,2022-02-01,1
CUST_48,2023-01-01,135.8205182,Standard,0,2018-10-01,0
CUST_48,2023-02-01,403.4826899,Basic,0,2018-10-01,0
CUST_48,2023-03-01,309.0635538,Premium,0,2018-10-01,0
CUST_48,2023-04-01,212.6390597,Basic,0,2018-10-01,0
CUST_48,2023-05-01,343.7477484,Premium,0,2018-10-01,0
CUST_48,2023-06-01,357.4326682,Standard,0,2018-10-01,0
CUST_48,2023-07-01,135.715764,Premium,0,2018-10-01,0
CUST_48,2023-08-01,404.9363494,Basic,1,2018-10-01,1
CUST_48,2023-09-01,320.244174,Standard,1,2018-10-01,1
CUST_48,2023-10-01,304.7897919,Premium,1,2018-10-01,1
CUST_48,2023-11-01,443.261167,Premium,1,2018-10-01,1
CUST_48,2023-12-01,113.9019716,Standard,1,2018-10-01,1
CUST_49,2023-01-01,211.4039502,Standard,0,2018-05-01,0
CUST_49,2023-02-01,183.1764759,Basic,0,2018-05-01,0
CUST_49,2023-03-01,144.6549574,Standard,0,2018-05-01,0
CUST_49,2023-04-01,337.0994507,Premium,0,2018-05-01,0
CUST_49,2023-05-01,231.3661626,Premium,0,2018-05-01,0
CUST_49,2023-06-01,371.068135,Standard,0,2018-05-01,0
CUST_49,2023-07-01,56.9001322,Basic,0,2018-05-01,0
CUST_49,2023-08-01,307.4760777,Basic,0,2018-05-01,0
CUST_49,2023-09-01,201.543938,Premium,0,2018-05-01,0
CUST_49,2023-10-01,494.0149049,Premium,0,2018-05-01,0
CUST_49,2023-11-01,208.1161964,Basic,0,2018-05-01,0
CUST_49,2023-12-01,349.2937141,Standard,0,2018-05-01,0
CUST_50,2023-01-01,61.0137282,Premium,0,2020-10-01,0
CUST_50,2023-02-01,144.3387266,Standard,0,2020-10-01,0
CUST_50,2023-03-01,448.1535286,Basic,0,2020-10-01,0
CUST_50,2023-04-01,121.0616371,Standard,0,2020-10-01,0
CUST_50,2023-05-01,264.3392975,Premium,0,2020-10-01,0
CUST_50,2023-06-01,124.5189201,Standard,0,2020-10-01,0
CUST_50,2023-07-01,328.9299108,Basic,0,2020-10-01,0
CUST_50,2023-08-01,173.1709374,Standard,0,2020-10-01,0
CUST_50,2023-09-01,334.301203,Premium,0,2020-10-01,0
CUST_50,2023-10-01,237.95075,Basic,0,2020-10-01,0
CUST_50,2023-11-01,479.2363894,Standard,0,2020-10-01,0
CUST_50,2023-12-01,108.4575074,Premium,0,2020-10-01,0
CUST_51,2023-01-01,230.6817588,Standard,0,2019-11-01,0
CUST_51,2023-02-01,335.806745,Basic,0,2019-11-01,0
CUST_51,2023-03-01,124.9746201,Basic,0,2019-11-01,0
CUST_51,2023-04-01,496.3169161,Basic,0,2019-11-01,0
CUST_51,2023-05-01,422.5963142,Basic,0,2019-11-01,0
CUST_51,2023-06-01,53.67097174,Basic,0,2019-11-01,0
CUST_51,2023-07-01,414.7731388,Premium,0,2019-11-01,0
CUST_51,2023-08-01,27.71858646,Basic,0,2019-11-01,0
CUST_51,2023-09-01,186.4668397,Premium,0,2019-11-01,0
CUST_51,2023-10-01,281.3630979,Premium,0,2019-11-01,0
CUST_51,2023-11-01,229.1292448,Basic,0,2019-11-01,0
CUST_51,2023-12-01,460.5020669,Basic,0,2019-11-01,0
CUST_52,2023-01-01,427.1982293,Basic,0,2023-01-01,0
CUST_52,2023-02-01,67.01953496,Basic,0,2023-01-01,0
CUST_52,2023-03-01,440.207417,Basic,0,2023-01-01,0
CUST_52,2023-04-01,397.1149138,Premium,0,2023-01-01,0
CUST_52,2023-05-01,207.4602876,Basic,0,2023-01-01,0
CUST_52,2023-06-01,179.588866,Premium,0,2023-01-01,0
CUST_52,2023-07-01,413.0154762,Premium,0,2023-01-01,0
CUST_52,2023-08-01,462.1510234,Standard,0,2023-01-01,0
CUST_52,2023-09-01,384.7568024,Basic,0,2023-01-01,0
CUST_52,2023-10-01,205.3448836,Basic,0,2023-01-01,0
CUST_52,2023-11-01,43.4044316,Premium,0,2023-01-01,0
CUST_52,2023-12-01,481.9264047,Basic,0,2023-01-01,0
CUST_53,2023-01-01,221.9239604,Premium,0,2019-02-01,0
CUST_53,2023-02-01,225.3607274,Premium,0,2019-02-01,0
CUST_53,2023-03-01,115.8587094,Standard,0,2019-02-01,0
CUST_53,2023-04-01,84.49217803,Standard,0,2019-02-01,0
CUST_53,2023-05-01,235.3022076,Premium,0,2019-02-01,0
CUST_53,2023-06-01,38.31247489,Basic,0,2019-02-01,0
CUST_53,2023-07-01,127.1982511,Premium,0,2019-02-01,0
CUST_53,2023-08-01,158.6048223,Standard,0,2019-02-01,0
CUST_53,2023-09-01,40.52298108,Premium,0,2019-02-01,0
CUST_53,2023-10-01,408.8454321,Standard,0,2019-02-01,0
CUST_53,2023-11-01,315.7089598,Premium,0,2019-02-01,0
CUST_53,2023-12-01,74.0480846,Basic,0,2019-02-01,0
CUST_54,2023-01-01,105.3650308,Basic,0,2022-07-01,0
CUST_54,2023-02-01,415.4935688,Basic,0,2022-07-01,0
CUST_54,2023-03-01,15.40531957,Premium,0,2022-07-01,0
CUST_54,2023-04-01,19.40421564,Standard,0,2022-07-01,0
CUST_54,2023-05-01,77.18375581,Basic,0,2022-07-01,0
CUST_54,2023-06-01,15.93917958,Basic,0,2022-07-01,0
CUST_54,2023-07-01,402.7531848,Standard,0,2022-07-01,0
CUST_54,2023-08-01,63.77073735,Premium,0,2022-07-01,0
CUST_54,2023-09-01,423.7349705,Standard,0,2022-07-01,0
CUST_54,2023-10-01,83.5238457,Basic,0,2022-07-01,0
CUST_54,2023-11-01,243.2488834,Standard,0,2022-07-01,0
CUST_54,2023-12-01,235.1289165,Premium,0,2022-07-01,0
CUST_55,2023-01-01,478.1139964,Premium,0,2021-11-01,0
CUST_55,2023-02-01,347.186006,Basic,0,2021-11-01,0
CUST_55,2023-03-01,422.0270739,Standard,0,2021-11-01,0
CUST_55,2023-04-01,236.1239577,Premium,0,2021-11-01,0
CUST_55,2023-05-01,448.6076929,Premium,0,2021-11-01,0
CUST_55,2023-06-01,42.65949987,Standard,0,2021-11-01,0
CUST_55,2023-07-01,371.3425467,Basic,0,2021-11-01,0
CUST_55,2023-08-01,30.4197213,Premium,0,2021-11-01,0
CUST_55,2023-09-01,45.32132464,Basic,1,2021-11-01,1
CUST_55,2023-10-01,478.6856852,Standard,1,2021-11-01,1
CUST_55,2023-11-01,183.0931902,Premium,1,2021-11-01,1
CUST_55,2023-12-01,181.3545826,Premium,1,2021-11-01,1
CUST_56,2023-01-01,334.0715994,Basic,0,2021-07-01,0
CUST_56,2023-02-01,58.21386836,Premium,0,2021-07-01,0
CUST_56,2023-03-01,139.8727499,Premium,0,2021-07-01,0
CUST_56,2023-04-01,484.2514171,Basic,0,2021-07-01,0
CUST_56,2023-05-01,316.0851487,Basic,0,2021-07-01,0
CUST_56,2023-06-01,69.4793449,Standard,0,2021-07-01,0
CUST_56,2023-07-01,325.5130842,Basic,1,2021-07-01,0
CUST_56,2023-08-01,484.559501,Basic,1,2021-07-01,1
CUST_56,2023-09-01,153.482798,Premium,1,2021-07-01,1
CUST_56,2023-10-01,304.9219789,Premium,1,2021-07-01,1
CUST_56,2023-11-01,376.5558579,Basic,1,2021-07-01,1
CUST_56,2023-12-01,331.6745176,Standard,1,2021-07-01,1
CUST_57,2023-01-01,175.7510779,Standard,0,2019-08-01,0
CUST_57,2023-02-01,192.3618417,Standard,0,2019-08-01,0
CUST_57,2023-03-01,310.3403954,Standard,0,2019-08-01,0
CUST_57,2023-04-01,69.53567439,Basic,0,2019-08-01,0
CUST_57,2023-05-01,326.4472982,Standard,0,2019-08-01,0
CUST_57,2023-06-01,432.0712982,Standard,0,2019-08-01,0
CUST_57,2023-07-01,133.5980999,Premium,0,2019-08-01,0
CUST_57,2023-08-01,422.5792909,Basic,0,2019-08-01,0
CUST_57,2023-09-01,331.5193005,Standard,0,2019-08-01,0
CUST_57,2023-10-01,492.4881724,Standard,1,2019-08-01,1
CUST_57,2023-11-01,90.75925971,Basic,1,2019-08-01,1
CUST_57,2023-12-01,365.7301559,Basic,1,2019-08-01,1
CUST_58,2023-01-01,114.6205695,Premium,0,2018-08-01,0
CUST_58,2023-02-01,369.0727569,Premium,0,2018-08-01,0
CUST_58,2023-03-01,259.096668,Basic,0,2018-08-01,0
CUST_58,2023-04-01,347.553798,Premium,0,2018-08-01,0
CUST_58,2023-05-01,382.9495532,Standard,0,2018-08-01,0
CUST_58,2023-06-01,14.57249372,Premium,0,2018-08-01,0
CUST_58,2023-07-01,495.9868762,Premium,0,2018-08-01,0
CUST_58,2023-08-01,402.0347747,Premium,0,2018-08-01,0
CUST_58,2023-09-01,369.2049351,Premium,0,2018-08-01,1
CUST_58,2023-10-01,184.1384387,Basic,0,2018-08-01,1
CUST_58,2023-11-01,12.56251064,Premium,1,2018-08-01,1
CUST_58,2023-12-01,375.4095535,Premium,1,2018-08-01,1
CUST_59,2023-01-01,479.4560053,Standard,0,2019-11-01,0
CUST_59,2023-02-01,82.95514466,Premium,0,2019-11-01,0
CUST_59,2023-03-01,498.2038254,Basic,0,2019-11-01,0
CUST_59,2023-04-01,363.8147597,Standard,0,2019-11-01,0
CUST_59,2023-05-01,201.8475921,Premium,0,2019-11-01,0
CUST_59,2023-06-01,11.57694917,Standard,0,2019-11-01,0
CUST_59,2023-07-01,,Basic,0,2019-11-01,0
CUST_59,2023-08-01,245.676716,Basic,0,2019-11-01,0
CUST_59,2023-09-01,294.1920558,Premium,0,2019-11-01,0
CUST_59,2023-10-01,305.7089566,Standard,0,2019-11-01,0
CUST_59,2023-11-01,142.2121529,Basic,0,2019-11-01,0
CUST_59,2023-12-01,47.75855678,Basic,0,2019-11-01,0
CUST_60,2023-01-01,394.5995188,Standard,0,2020-01-01,0
CUST_60,2023-02-01,263.4618377,Standard,0,2020-01-01,0
CUST_60,2023-03-01,170.8144493,Standard,0,2020-01-01,0
CUST_60,2023-04-01,118.0998568,Basic,0,2020-01-01,0
CUST_60,2023-05-01,499.1902806,Basic,0,2020-01-01,0
CUST_60,2023-06-01,216.4115461,Standard,0,2020-01-01,0
CUST_60,2023-07-01,67.98473355,Basic,0,2020-01-01,0
CUST_60,2023-08-01,198.0781464,Basic,0,2020-01-01,0
CUST_60,2023-09-01,100.393364,Basic,0,2020-01-01,0
CUST_60,2023-10-01,22.83638718,Basic,0,2020-01-01,0
CUST_60,2023-11-01,143.8046969,Standard,0,2020-01-01,0
CUST_60,2023-12-01,470.9328301,Standard,0,2020-01-01,0
CUST_61,2023-01-01,437.6378227,Premium,0,2022-01-01,0
CUST_61,2023-02-01,403.2952218,Premium,0,2022-01-01,0
CUST_61,2023-03-01,75.40518648,Premium,0,2022-01-01,0
CUST_61,2023-04-01,253.2659647,Premium,0,2022-01-01,0
CUST_61,2023-05-01,385.1013205,Basic,0,2022-01-01,0
CUST_61,2023-06-01,76.32350032,Premium,0,2022-01-01,0
CUST_61,2023-07-01,478.7411643,Standard,0,2022-01-01,0
CUST_61,2023-08-01,148.2716666,Premium,0,2022-01-01,0
CUST_61,2023-09-01,454.0647445,Basic,0,2022-01-01,0
CUST_61,2023-10-01,382.1051486,Basic,0,2022-01-01,0
CUST_61,2023-11-01,42.02941721,Premium,1,2022-01-01,1
CUST_61,2023-12-01,40.70006969,Basic,1,2022-01-01,1
CUST_62,2023-01-01,78.23023185,Standard,0,2019-01-01,0
CUST_62,2023-02-01,180.1982299,Premium,1,2019-01-01,1
CUST_62,2023-03-01,335.2569462,Standard,1,2019-01-01,1
CUST_62,2023-04-01,284.4824099,Premium,1,2019-01-01,0
CUST_62,2023-05-01,35.60636085,Standard,1,2019-01-01,1
CUST_62,2023-06-01,137.4773176,Standard,1,2019-01-01,1
CUST_62,2023-07-01,490.8355743,Standard,1,2019-01-01,1
CUST_62,2023-08-01,330.5455547,Standard,1,2019-01-01,1
CUST_62,2023-09-01,287.0118247,Basic,1,2019-01-01,1
CUST_62,2023-10-01,486.2826115,Premium,1,2019-01-01,1
CUST_62,2023-11-01,181.2581223,Basic,1,2019-01-01,1
CUST_62,2023-12-01,84.11094608,Standard,1,2019-01-01,1
CUST_63,2023-01-01,132.9736641,Premium,0,2022-09-01,0
CUST_63,2023-02-01,266.4615466,Standard,0,2022-09-01,0
CUST_63,2023-03-01,364.1790086,Premium,0,2022-09-01,0
CUST_63,2023-04-01,276.3337265,Premium,0,2022-09-01,0
CUST_63,2023-05-01,247.5011807,Standard,0,2022-09-01,0
CUST_63,2023-06-01,426.487932,Basic,0,2022-09-01,0
CUST_63,2023-07-01,211.7651154,Standard,0,2022-09-01,0
CUST_63,2023-08-01,40.51382188,Premium,0,2022-09-01,0
CUST_63,2023-09-01,235.02754,Basic,0,2022-09-01,0
CUST_63,2023-10-01,108.6682532,Premium,0,2022-09-01,0
CUST_63,2023-11-01,171.8053818,Standard,0,2022-09-01,0
CUST_63,2023-12-01,110.3918243,Standard,0,2022-09-01,0
CUST_64,2023-01-01,436.5834283,Basic,0,2022-01-01,0
CUST_64,2023-02-01,492.6449315,Basic,1,2022-01-01,1
CUST_64,2023-03-01,41.95024972,Standard,1,2022-01-01,1
CUST_64,2023-04-01,455.5179009,Basic,1,2022-01-01,1
CUST_64,2023-05-01,253.9281289,Basic,1,2022-01-01,1
CUST_64,2023-06-01,331.8222513,Basic,1,2022-01-01,1
CUST_64,2023-07-01,196.4058037,Basic,1,2022-01-01,1
CUST_64,2023-08-01,482.5935604,Basic,1,2022-01-01,1
CUST_64,2023-09-01,266.4315193,Basic,1,2022-01-01,1
CUST_64,2023-10-01,398.4986653,Basic,1,2022-01-01,1
CUST_64,2023-11-01,320.9453846,Basic,1,2022-01-01,1
CUST_64,2023-12-01,204.0255316,Basic,1,2022-01-01,1
CUST_65,2023-01-01,271.184145,Standard,0,2019-08-01,0
CUST_65,2023-02-01,398.6980617,Basic,0,2019-08-01,0
CUST_65,2023-03-01,454.0101948,Premium,0,2019-08-01,0
CUST_65,2023-04-01,78.94864874,Basic,0,2019-08-01,0
CUST_65,2023-05-01,448.0549579,Basic,0,2019-08-01,0
CUST_65,2023-06-01,225.758475,Premium,0,2019-08-01,0
CUST_65,2023-07-01,442.3840205,Premium,0,2019-08-01,0
CUST_65,2023-08-01,483.8920415,Basic,0,2019-08-01,0
CUST_65,2023-09-01,337.2807994,Premium,0,2019-08-01,0
CUST_65,2023-10-01,442.1446016,Standard,0,2019-08-01,0
CUST_65,2023-11-01,16.17768479,Standard,0,2019-08-01,0
CUST_65,2023-12-01,362.483275,Premium,0,2019-08-01,0
CUST_66,2023-01-01,368.4332803,Premium,0,2019-04-01,0
CUST_66,2023-02-01,411.3411218,Basic,0,2019-04-01,0
CUST_66,2023-03-01,164.0315555,Basic,0,2019-04-01,0
CUST_66,2023-04-01,235.0399466,Standard,0,2019-04-01,0
CUST_66,2023-05-01,415.8421337,Standard,0,2019-04-01,0
CUST_66,2023-06-01,358.88687,Standard,0,2019-04-01,0
CUST_66,2023-07-01,127.5383153,Premium,0,2019-04-01,0
CUST_66,2023-08-01,230.6719797,Basic,0,2019-04-01,0
CUST_66,2023-09-01,314.2549981,Basic,0,2019-04-01,0
CUST_66,2023-10-01,240.930712,Premium,0,2019-04-01,0
CUST_66,2023-11-01,71.86972337,Basic,0,2019-04-01,0
CUST_66,2023-12-01,346.3003264,Basic,0,2019-04-01,0
CUST_67,2023-01-01,,Premium,0,2019-01-01,0
CUST_67,2023-02-01,146.8452833,Standard,0,2019-01-01,0
CUST_67,2023-03-01,261.200829,Standard,0,2019-01-01,0
CUST_67,2023-04-01,26.26278374,Basic,0,2019-01-01,0
CUST_67,2023-05-01,469.769361,Basic,0,2019-01-01,0
CUST_67,2023-06-01,396.3391982,Standard,0,2019-01-01,0
CUST_67,2023-07-01,454.525565,Basic,0,2019-01-01,0
CUST_67,2023-08-01,64.38483991,Premium,0,2019-01-01,0
CUST_67,2023-09-01,433.6361687,Premium,0,2019-01-01,0
CUST_67,2023-10-01,488.632161,Standard,0,2019-01-01,0
CUST_67,2023-11-01,30.59209083,Premium,0,2019-01-01,0
CUST_67,2023-12-01,147.2182915,Premium,0,2019-01-01,0
CUST_68,2023-01-01,456.2773792,Standard,0,2019-09-01,0
CUST_68,2023-02-01,18.82321224,Basic,0,2019-09-01,0
CUST_68,2023-03-01,159.3280367,Standard,0,2019-09-01,0
CUST_68,2023-04-01,437.6493814,Standard,0,2019-09-01,0
CUST_68,2023-05-01,274.9422536,Premium,0,2019-09-01,0
CUST_68,2023-06-01,16.07797778,Basic,0,2019-09-01,0
CUST_68,2023-07-01,303.1951673,Premium,0,2019-09-01,0
CUST_68,2023-08-01,374.1646674,Basic,0,2019-09-01,0
CUST_68,2023-09-01,427.6092985,Standard,0,2019-09-01,0
CUST_68,2023-10-01,447.2282241,Premium,0,2019-09-01,0
CUST_68,2023-11-01,127.3599833,Standard,1,2019-09-01,1
CUST_68,2023-12-01,295.5753492,Premium,1,2019-09-01,1
CUST_69,2023-01-01,429.291086,Basic,0,2022-03-01,0
CUST_69,2023-02-01,417.373022,Premium,0,2022-03-01,0
CUST_69,2023-03-01,55.99006956,Basic,0,2022-03-01,0
CUST_69,2023-04-01,416.3505317,Premium,0,2022-03-01,0
CUST_69,2023-05-01,263.5487124,Basic,0,2022-03-01,0
CUST_69,2023-06-01,222.9520208,Standard,0,2022-03-01,0
CUST_69,2023-07-01,447.3364121,Basic,0,2022-03-01,0
CUST_69,2023-08-01,319.340701,Premium,0,2022-03-01,0
CUST_69,2023-09-01,126.3423995,Standard,0,2022-03-01,0
CUST_69,2023-10-01,198.4105505,Basic,0,2022-03-01,0
CUST_69,2023-11-01,475.7602158,Premium,0,2022-03-01,0
CUST_69,2023-12-01,258.0703692,Standard,0,2022-03-01,0
CUST_70,2023-01-01,134.6518746,Basic,0,2021-09-01,0
CUST_70,2023-02-01,32.3678853,Standard,0,2021-09-01,0
CUST_70,2023-03-01,486.0510185,Standard,0,2021-09-01,1
CUST_70,2023-04-01,106.0878792,Basic,0,2021-09-01,0
CUST_70,2023-05-01,111.4263634,Premium,1,2021-09-01,1
CUST_70,2023-06-01,13.755376,Basic,1,2021-09-01,1
CUST_70,2023-07-01,27.99346763,Premium,1,2021-09-01,1
CUST_70,2023-08-01,176.0417182,Standard,1,2021-09-01,1
CUST_70,2023-09-01,290.3038353,Basic,1,2021-09-01,1
CUST_70,2023-10-01,153.8095234,Standard,1,2021-09-01,1
CUST_70,2023-11-01,204.5373702,Standard,1,2021-09-01,1
CUST_70,2023-12-01,312.3625929,Basic,1,2021-09-01,1
CUST_71,2023-01-01,179.15934,Basic,0,2019-09-01,0
CUST_71,2023-02-01,251.8378244,Basic,0,2019-09-01,0
CUST_71,2023-03-01,74.42966875,Standard,0,2019-09-01,0
CUST_71,2023-04-01,216.6958075,Premium,0,2019-09-01,0
CUST_71,2023-05-01,359.8759958,Basic,0,2019-09-01,0
CUST_71,2023-06-01,413.6572883,Standard,0,2019-09-01,0
CUST_71,2023-07-01,10.76690154,Premium,0,2019-09-01,0
CUST_71,2023-08-01,136.227538,Basic,0,2019-09-01,0
CUST_71,2023-09-01,346.4290576,Standard,0,2019-09-01,0
CUST_71,2023-10-01,233.5558894,Basic,0,2019-09-01,0
CUST_71,2023-11-01,215.2844172,Standard,0,2019-09-01,0
CUST_71,2023-12-01,49.2882069,Basic,0,2019-09-01,0
CUST_72,2023-01-01,337.6005969,Basic,0,2022-10-01,0
CUST_72,2023-02-01,300.8937877,Premium,0,2022-10-01,0
CUST_72,2023-03-01,457.5106043,Basic,0,2022-10-01,0
CUST_72,2023-04-01,364.7467972,Basic,0,2022-10-01,0
CUST_72,2023-05-01,42.55748373,Standard,0,2022-10-01,0
CUST_72,2023-06-01,15.73623926,Basic,0,2022-10-01,0
CUST_72,2023-07-01,248.140242,Premium,1,2022-10-01,1
CUST_72,2023-08-01,70.27161461,Standard,1,2022-10-01,1
CUST_72,2023-09-01,178.1520031,Basic,1,2022-10-01,1
CUST_72,2023-10-01,329.6229078,Premium,1,2022-10-01,1
CUST_72,2023-11-01,349.3214851,Premium,1,2022-10-01,1
CUST_72,2023-12-01,339.753645,Standard,1,2022-10-01,1
CUST_73,2023-01-01,160.0936144,Basic,0,2020-11-01,0
CUST_73,2023-02-01,401.2063669,Premium,0,2020-11-01,0
CUST_73,2023-03-01,459.1512656,Standard,0,2020-11-01,0
CUST_73,2023-04-01,295.2773858,Basic,0,2020-11-01,0
CUST_73,2023-05-01,355.7370727,Basic,0,2020-11-01,0
CUST_73,2023-06-01,91.76149883,Standard,0,2020-11-01,0
CUST_73,2023-07-01,446.1475472,Standard,0,2020-11-01,0
CUST_73,2023-08-01,22.46940235,Standard,0,2020-11-01,0
CUST_73,2023-09-01,176.8960416,Basic,0,2020-11-01,0
CUST_73,2023-10-01,162.4965726,Standard,0,2020-11-01,0
CUST_73,2023-11-01,188.6509268,Basic,0,2020-11-01,0
CUST_73,2023-12-01,232.4607944,Premium,0,2020-11-01,0
CUST_74,2023-01-01,247.9389528,Basic,0,2020-07-01,0
CUST_74,2023-02-01,482.3685295,Standard,1,2020-07-01,1
CUST_74,2023-03-01,25.16833755,Standard,1,2020-07-01,1
CUST_74,2023-04-01,88.41221887,Basic,1,2020-07-01,1
CUST_74,2023-05-01,380.5446708,Standard,1,2020-07-01,1
CUST_74,2023-06-01,151.7299383,Basic,1,2020-07-01,1
CUST_74,2023-07-01,66.9080905,Basic,1,2020-07-01,1
CUST_74,2023-08-01,163.8436915,Premium,1,2020-07-01,1
CUST_74,2023-09-01,305.4420095,Standard,1,2020-07-01,1
CUST_74,2023-10-01,492.16645,Standard,1,2020-07-01,1
CUST_74,2023-11-01,480.9563878,Premium,1,2020-07-01,1
CUST_74,2023-12-01,198.9008333,Basic,1,2020-07-01,0
CUST_75,2023-01-01,275.2897276,Basic,0,2019-04-01,0
CUST_75,2023-02-01,275.4353581,Basic,0,2019-04-01,0
CUST_75,2023-03-01,225.8162617,Premium,0,2019-04-01,0
CUST_75,2023-04-01,105.36568,Basic,0,2019-04-01,0
CUST_75,2023-05-01,142.4213691,Premium,0,2019-04-01,0
CUST_75,2023-06-01,180.1657491,Standard,0,2019-04-01,0
CUST_75,2023-07-01,227.5814371,Basic,0,2019-04-01,0
CUST_75,2023-08-01,206.8716123,Standard,0,2019-04-01,0
CUST_75,2023-09-01,315.4689195,Basic,0,2019-04-01,0
CUST_75,2023-10-01,108.6429328,Premium,1,2019-04-01,1
CUST_75,2023-11-01,243.0175584,Premium,1,2019-04-01,0
CUST_75,2023-12-01,121.5973707,Premium,1,2019-04-01,1
CUST_76,2023-01-01,455.6327594,Basic,0,2022-07-01,0
CUST_76,2023-02-01,436.2848882,Standard,0,2022-07-01,0
CUST_76,2023-03-01,71.16219884,Basic,0,2022-07-01,0
CUST_76,2023-04-01,439.7743847,Premium,0,2022-07-01,0
CUST_76,2023-05-01,236.7110465,Basic,0,2022-07-01,0
CUST_76,2023-06-01,433.138286,Premium,0,2022-07-01,0
CUST_76,2023-07-01,150.0339422,Standard,0,2022-07-01,0
CUST_76,2023-08-01,199.4048483,Basic,0,2022-07-01,0
CUST_76,2023-09-01,292.8667243,Premium,0,2022-07-01,0
CUST_76,2023-10-01,209.7162622,Standard,0,2022-07-01,0
CUST_76,2023-11-01,291.0291862,Basic,0,2022-07-01,0
CUST_76,2023-12-01,63.53946305,Premium,0,2022-07-01,0
CUST_77,2023-01-01,425.0147386,Basic,0,2021-04-01,0
CUST_77,2023-02-01,442.8977339,Standard,0,2021-04-01,0
CUST_77,2023-03-01,317.0303304,Premium,1,2021-04-01,1
CUST_77,2023-04-01,243.6532995,Premium,1,2021-04-01,1
CUST_77,2023-05-01,364.1264093,Basic,1,2021-04-01,1
CUST_77,2023-06-01,75.87321341,Basic,1,2021-04-01,1
CUST_77,2023-07-01,185.7706075,Premium,1,2021-04-01,1
CUST_77,2023-08-01,146.5923375,Premium,1,2021-04-01,1
CUST_77,2023-09-01,479.1495293,Basic,1,2021-04-01,1
CUST_77,2023-10-01,498.9322193,Basic,1,2021-04-01,1
CUST_77,2023-11-01,415.9499567,Basic,1,2021-04-01,1
CUST_77,2023-12-01,17.01448606,Standard,1,2021-04-01,1
CUST_78,2023-01-01,418.7308525,Basic,0,2020-07-01,0
CUST_78,2023-02-01,379.1796819,Premium,0,2020-07-01,0
CUST_78,2023-03-01,385.3968071,Basic,0,2020-07-01,0
CUST_78,2023-04-01,53.41630985,Standard,0,2020-07-01,0
CUST_78,2023-05-01,209.6960852,Basic,0,2020-07-01,0
CUST_78,2023-06-01,180.9220616,Standard,0,2020-07-01,0
CUST_78,2023-07-01,474.3671327,Standard,0,2020-07-01,0
CUST_78,2023-08-01,266.0625337,Standard,0,2020-07-01,0
CUST_78,2023-09-01,255.3058914,Basic,0,2020-07-01,0
CUST_78,2023-10-01,34.61074562,Basic,0,2020-07-01,0
CUST_78,2023-11-01,154.6923421,Basic,0,2020-07-01,0
CUST_78,2023-12-01,403.7065442,Basic,0,2020-07-01,0
CUST_79,2023-01-01,453.994391,Standard,0,2019-02-01,0
CUST_79,2023-02-01,120.7542089,Premium,0,2019-02-01,0
CUST_79,2023-03-01,305.7116171,Standard,0,2019-02-01,0
CUST_79,2023-04-01,70.23113245,Premium,0,2019-02-01,0
CUST_79,2023-05-01,230.1813736,Basic,0,2019-02-01,0
CUST_79,2023-06-01,45.17014505,Standard,0,2019-02-01,0
CUST_79,2023-07-01,359.8367899,Premium,0,2019-02-01,0
CUST_79,2023-08-01,280.725474,Premium,0,2019-02-01,0
CUST_79,2023-09-01,389.9196137,Standard,0,2019-02-01,0
CUST_79,2023-10-01,149.2943055,Premium,0,2019-02-01,0
CUST_79,2023-11-01,36.62269706,Premium,0,2019-02-01,0
CUST_79,2023-12-01,10.06599957,Premium,1,2019-02-01,1
CUST_80,2023-01-01,145.3230833,,0,2021-12-01,0
CUST_80,2023-02-01,421.2758613,Basic,0,2021-12-01,0
CUST_80,2023-03-01,373.0429875,Standard,0,2021-12-01,0
CUST_80,2023-04-01,186.5146202,Basic,0,2021-12-01,0
CUST_80,2023-05-01,163.5404796,Standard,0,2021-12-01,0
CUST_80,2023-06-01,222.5705356,Premium,0,2021-12-01,0
CUST_80,2023-07-01,482.3984241,Basic,0,2021-12-01,0
CUST_80,2023-08-01,251.9688798,Basic,0,2021-12-01,0
CUST_80,2023-09-01,354.8899749,Premium,0,2021-12-01,0
CUST_80,2023-10-01,359.3925648,Premium,0,2021-12-01,0
CUST_80,2023-11-01,382.9085172,Standard,0,2021-12-01,0
CUST_80,2023-12-01,156.0455822,Standard,0,2021-12-01,0
CUST_81,2023-01-01,325.6331185,Basic,0,2020-03-01,0
CUST_81,2023-02-01,478.8319096,Basic,0,2020-03-01,0
CUST_81,2023-03-01,234.2728065,Basic,0,2020-03-01,0
CUST_81,2023-04-01,191.2084954,Standard,0,2020-03-01,0
CUST_81,2023-05-01,214.0871716,Standard,0,2020-03-01,0
CUST_81,2023-06-01,113.8770868,Standard,0,2020-03-01,0
CUST_81,2023-07-01,441.2768016,Standard,0,2020-03-01,0
CUST_81,2023-08-01,,Premium,0,2020-03-01,0
CUST_81,2023-09-01,329.3034826,Standard,0,2020-03-01,0
CUST_81,2023-10-01,325.967976,Standard,0,2020-03-01,0
CUST_81,2023-11-01,107.6154847,Premium,0,2020-03-01,0
CUST_81,2023-12-01,190.215134,Premium,0,2020-03-01,0
CUST_82,2023-01-01,262.7723323,Basic,0,2021-10-01,0
CUST_82,2023-02-01,17.19976044,Premium,0,2021-10-01,0
CUST_82,2023-03-01,19.47053915,Basic,0,2021-10-01,0
CUST_82,2023-04-01,251.5036464,Basic,0,2021-10-01,0
CUST_82,2023-05-01,301.6145207,Standard,0,2021-10-01,0
CUST_82,2023-06-01,482.114628,Standard,0,2021-10-01,0
CUST_82,2023-07-01,162.8132904,Standard,0,2021-10-01,0
CUST_82,2023-08-01,265.4350634,Standard,0,2021-10-01,0
CUST_82,2023-09-01,18.3043558,Standard,0,2021-10-01,0
CUST_82,2023-10-01,68.90154227,Basic,1,2021-10-01,1
CUST_82,2023-11-01,153.7212193,Standard,1,2021-10-01,1
CUST_82,2023-12-01,263.8006586,Basic,1,2021-10-01,1
CUST_83,2023-01-01,192.1522545,Basic,0,2018-07-01,0
CUST_83,2023-02-01,326.7647834,Premium,0,2018-07-01,0
CUST_83,2023-03-01,21.56153268,Premium,0,2018-07-01,0
CUST_83,2023-04-01,392.3843005,Standard,0,2018-07-01,0
CUST_83,2023-05-01,158.4287071,Basic,0,2018-07-01,0
CUST_83,2023-06-01,130.8357811,Standard,0,2018-07-01,0
CUST_83,2023-07-01,242.1668159,Standard,0,2018-07-01,0
CUST_83,2023-08-01,471.9349164,Standard,0,2018-07-01,0
CUST_83,2023-09-01,276.7963431,Premium,0,2018-07-01,0
CUST_83,2023-10-01,189.1835666,Basic,0,2018-07-01,0
CUST_83,2023-11-01,78.99344496,Basic,0,2018-07-01,0
CUST_83,2023-12-01,293.3662157,Standard,0,2018-07-01,0
CUST_84,2023-01-01,321.6178065,Basic,0,2023-01-01,0
CUST_84,2023-02-01,137.3534398,Basic,0,2023-01-01,0
CUST_84,2023-03-01,152.3472078,Standard,0,2023-01-01,0
CUST_84,2023-04-01,356.7834616,Standard,0,2023-01-01,0
CUST_84,2023-05-01,13.84237948,Basic,0,2023-01-01,0
CUST_84,2023-06-01,75.79467694,Basic,0,2023-01-01,0
CUST_84,2023-07-01,128.5277141,Standard,0,2023-01-01,0
CUST_84,2023-08-01,47.35721681,Premium,0,2023-01-01,0
CUST_84,2023-09-01,235.2357865,Premium,0,2023-01-01,0
CUST_84,2023-10-01,31.5109719,Standard,0,2023-01-01,0
CUST_84,2023-11-01,112.500878,Premium,0,2023-01-01,0
CUST_84,2023-12-01,490.7843393,Premium,0,2023-01-01,0
CUST_85,2023-01-01,128.5687939,Standard,0,2019-10-01,0
CUST_85,2023-02-01,476.2006071,Premium,0,2019-10-01,0
CUST_85,2023-03-01,490.7604286,Basic,0,2019-10-01,0
CUST_85,2023-04-01,224.127984,Basic,0,2019-10-01,0
CUST_85,2023-05-01,314.9481997,Premium,0,2019-10-01,0
CUST_85,2023-06-01,398.371607,Standard,0,2019-10-01,0
CUST_85,2023-07-01,480.4664462,Premium,0,2019-10-01,0
CUST_85,2023-08-01,381.0820015,Basic,0,2019-10-01,0
CUST_85,2023-09-01,361.9822759,Basic,0,2019-10-01,0
CUST_85,2023-10-01,336.6342347,Premium,0,2019-10-01,0
CUST_85,2023-11-01,388.0971864,Basic,1,2019-10-01,0
CUST_85,2023-12-01,14.42884985,Premium,1,2019-10-01,1
CUST_86,2023-01-01,463.8350935,Basic,0,2022-02-01,0
CUST_86,2023-02-01,118.8171766,Basic,0,2022-02-01,0
CUST_86,2023-03-01,367.1421067,Standard,0,2022-02-01,0
CUST_86,2023-04-01,24.29318419,Basic,0,2022-02-01,0
CUST_86,2023-05-01,68.06628556,Standard,0,2022-02-01,1
CUST_86,2023-06-01,460.5702021,Basic,1,2022-02-01,1
CUST_86,2023-07-01,382.8938825,Standard,1,2022-02-01,1
CUST_86,2023-08-01,202.3045113,Standard,1,2022-02-01,1
CUST_86,2023-09-01,460.0289518,Premium,1,2022-02-01,1
CUST_86,2023-10-01,292.7900672,Premium,1,2022-02-01,1
CUST_86,2023-11-01,395.8990521,Premium,1,2022-02-01,1
CUST_86,2023-12-01,286.3962741,Basic,1,2022-02-01,1
CUST_87,2023-01-01,331.7492261,Basic,0,2022-04-01,0
CUST_87,2023-02-01,459.9371525,Standard,0,2022-04-01,0
CUST_87,2023-03-01,118.2178637,Standard,1,2022-04-01,1
CUST_87,2023-04-01,95.85866833,Premium,1,2022-04-01,1
CUST_87,2023-05-01,148.4145845,Basic,1,2022-04-01,1
CUST_87,2023-06-01,294.9949236,Basic,1,2022-04-01,1
CUST_87,2023-07-01,294.243529,Standard,1,2022-04-01,1
CUST_87,2023-08-01,381.8003643,Standard,1,2022-04-01,1
CUST_87,2023-09-01,182.9946919,Basic,1,2022-04-01,1
CUST_87,2023-10-01,473.7636914,Premium,1,2022-04-01,1
CUST_87,2023-11-01,215.529517,Premium,1,2022-04-01,1
CUST_87,2023-12-01,243.4045093,Premium,1,2022-04-01,1
CUST_88,2023-01-01,110.2932534,Basic,0,2018-09-01,0
CUST_88,2023-02-01,172.4667025,Premium,0,2018-09-01,0
CUST_88,2023-03-01,44.86755973,Basic,0,2018-09-01,0
CUST_88,2023-04-01,258.3910146,Premium,0,2018-09-01,0
CUST_88,2023-05-01,419.5547047,Standard,0,2018-09-01,0
CUST_88,2023-06-01,387.8501798,Premium,0,2018-09-01,0
CUST_88,2023-07-01,439.1827109,Basic,0,2018-09-01,0
CUST_88,2023-08-01,218.3618109,Standard,0,2018-09-01,0
CUST_88,2023-09-01,385.1179078,Basic,0,2018-09-01,0
CUST_88,2023-10-01,266.0299887,Standard,0,2018-09-01,0
CUST_88,2023-11-01,120.8014123,Standard,0,2018-09-01,0
CUST_88,2023-12-01,122.9041644,Premium,0,2018-09-01,0
CUST_89,2023-01-01,483.7542949,Basic,0,2020-09-01,0
CUST_89,2023-02-01,373.5292002,Basic,0,2020-09-01,0
CUST_89,2023-03-01,158.4361438,Standard,0,2020-09-01,0
CUST_89,2023-04-01,410.2219386,Basic,0,2020-09-01,0
CUST_89,2023-05-01,451.9506964,Premium,0,2020-09-01,0
CUST_89,2023-06-01,379.5816472,Premium,0,2020-09-01,0
CUST_89,2023-07-01,333.8969846,Basic,0,2020-09-01,0
CUST_89,2023-08-01,357.567206,Premium,0,2020-09-01,0
CUST_89,2023-09-01,296.0486625,Premium,1,2020-09-01,1
CUST_89,2023-10-01,140.0098074,Premium,1,2020-09-01,0
CUST_89,2023-11-01,155.314357,Premium,1,2020-09-01,0
CUST_89,2023-12-01,381.9125884,Premium,1,2020-09-01,1
CUST_90,2023-01-01,261.7886875,Premium,0,2022-11-01,0
CUST_90,2023-02-01,467.1331827,Standard,0,2022-11-01,0
CUST_90,2023-03-01,360.0200515,Premium,0,2022-11-01,0
CUST_90,2023-04-01,350.3517594,Basic,0,2022-11-01,0
CUST_90,2023-05-01,144.2950788,Basic,0,2022-11-01,0
CUST_90,2023-06-01,179.2175566,Premium,0,2022-11-01,0
CUST_90,2023-07-01,429.7032396,Basic,0,2022-11-01,0
CUST_90,2023-08-01,285.4156693,Basic,0,2022-11-01,0
CUST_90,2023-09-01,196.4536778,Standard,0,2022-11-01,0
CUST_90,2023-10-01,369.8775267,Basic,1,2022-11-01,1
CUST_90,2023-11-01,421.1086906,Standard,1,2022-11-01,1
CUST_90,2023-12-01,354.812892,Premium,1,2022-11-01,1
CUST_91,2023-01-01,224.4540508,Standard,0,2019-05-01,0
CUST_91,2023-02-01,410.3927896,Premium,0,2019-05-01,0
CUST_91,2023-03-01,35.31767361,Premium,0,2019-05-01,0
CUST_91,2023-04-01,432.6938309,Standard,0,2019-05-01,0
CUST_91,2023-05-01,280.8264671,Basic,0,2019-05-01,0
CUST_91,2023-06-01,433.9949219,Premium,0,2019-05-01,0
CUST_91,2023-07-01,152.1223107,Premium,0,2019-05-01,0
CUST_91,2023-08-01,400.3738846,Premium,0,2019-05-01,0
CUST_91,2023-09-01,290.1555317,Standard,0,2019-05-01,0
CUST_91,2023-10-01,15.95681802,Basic,0,2019-05-01,0
CUST_91,2023-11-01,278.9407459,Basic,0,2019-05-01,0
CUST_91,2023-12-01,182.9496667,Premium,0,2019-05-01,0
CUST_92,2023-01-01,369.0225348,Premium,0,2022-12-01,0
CUST_92,2023-02-01,394.0423228,Premium,0,2022-12-01,0
CUST_92,2023-03-01,345.8675028,Premium,0,2022-12-01,0
CUST_92,2023-04-01,193.221313,Premium,0,2022-12-01,0
CUST_92,2023-05-01,339.0247828,Premium,0,2022-12-01,0
CUST_92,2023-06-01,214.9835934,Standard,0,2022-12-01,0
CUST_92,2023-07-01,146.1478603,Standard,0,2022-12-01,0
CUST_92,2023-08-01,490.3806831,Standard,0,2022-12-01,0
CUST_92,2023-09-01,97.88869419,Standard,0,2022-12-01,0
CUST_92,2023-10-01,207.7644912,Basic,0,2022-12-01,0
CUST_92,2023-11-01,217.1370321,Premium,0,2022-12-01,0
CUST_92,2023-12-01,139.4953689,Standard,0,2022-12-01,0
CUST_93,2023-01-01,141.5815405,Premium,0,2021-03-01,0
CUST_93,2023-02-01,484.5832925,Basic,0,2021-03-01,0
CUST_93,2023-03-01,47.03597079,Basic,0,2021-03-01,0
CUST_93,2023-04-01,55.11282318,Standard,0,2021-03-01,0
CUST_93,2023-05-01,327.7673619,Premium,1,2021-03-01,1
CUST_93,2023-06-01,482.857531,Premium,1,2021-03-01,1
CUST_93,2023-07-01,341.2528811,Premium,1,2021-03-01,1
CUST_93,2023-08-01,308.9036344,Basic,1,2021-03-01,1
CUST_93,2023-09-01,142.8371643,Premium,1,2021-03-01,1
CUST_93,2023-10-01,434.3868605,Standard,1,2021-03-01,1
CUST_93,2023-11-01,61.89384416,Premium,1,2021-03-01,1
CUST_93,2023-12-01,472.9207668,Premium,1,2021-03-01,1
CUST_94,2023-01-01,442.6669742,Basic,0,2020-06-01,0
CUST_94,2023-02-01,353.5584013,Premium,0,2020-06-01,0
CUST_94,2023-03-01,17.54349693,Standard,0,2020-06-01,0
CUST_94,2023-04-01,230.6245806,Premium,0,2020-06-01,0
CUST_94,2023-05-01,421.5027873,Basic,0,2020-06-01,0
CUST_94,2023-06-01,488.7334077,Basic,1,2020-06-01,1
CUST_94,2023-07-01,222.4555684,Premium,1,2020-06-01,1
CUST_94,2023-08-01,376.7083313,Standard,1,2020-06-01,1
CUST_94,2023-09-01,222.6702766,Premium,1,2020-06-01,1
CUST_94,2023-10-01,222.8576263,Standard,1,2020-06-01,1
CUST_94,2023-11-01,14.43653917,Standard,1,2020-06-01,1
CUST_94,2023-12-01,310.5129256,Basic,1,2020-06-01,1
CUST_95,2023-01-01,128.5908192,Standard,0,2020-06-01,0
CUST_95,2023-02-01,107.6424649,Basic,0,2020-06-01,0
CUST_95,2023-03-01,16.73532147,Premium,0,2020-06-01,0
CUST_95,2023-04-01,142.6951007,Basic,0,2020-06-01,0
CUST_95,2023-05-01,234.8808531,Standard,0,2020-06-01,0
CUST_95,2023-06-01,339.7071176,Basic,0,2020-06-01,0
CUST_95,2023-07-01,420.8609986,Basic,0,2020-06-01,0
CUST_95,2023-08-01,467.028149,Standard,0,2020-06-01,0
CUST_95,2023-09-01,312.2239678,Premium,0,2020-06-01,0
CUST_95,2023-10-01,265.5100218,Basic,0,2020-06-01,0
CUST_95,2023-11-01,461.1756381,Basic,0,2020-06-01,0
CUST_95,2023-12-01,141.738222,Basic,0,2020-06-01,0
CUST_96,2023-01-01,336.5668933,Premium,0,2022-02-01,0
CUST_96,2023-02-01,318.8211375,Premium,0,2022-02-01,0
CUST_96,2023-03-01,219.5246535,Basic,0,2022-02-01,0
CUST_96,2023-04-01,468.7775045,Standard,0,2022-02-01,0
CUST_96,2023-05-01,153.2677241,Premium,1,2022-02-01,1
CUST_96,2023-06-01,157.5125781,Premium,1,2022-02-01,1
CUST_96,2023-07-01,37.5262779,Basic,1,2022-02-01,1
CUST_96,2023-08-01,464.2842081,Basic,1,2022-02-01,1
CUST_96,2023-09-01,384.5759568,Premium,1,2022-02-01,1
CUST_96,2023-10-01,331.0351201,Premium,1,2022-02-01,1
CUST_96,2023-11-01,88.15120865,Premium,1,2022-02-01,1
CUST_96,2023-12-01,44.54105337,Standard,1,2022-02-01,1
CUST_97,2023-01-01,335.4674986,Standard,0,2020-11-01,0
CUST_97,2023-02-01,345.7158118,Basic,0,2020-11-01,0
CUST_97,2023-03-01,161.8053689,Basic,0,2020-11-01,0
CUST_97,2023-04-01,272.4213693,Basic,0,2020-11-01,0
CUST_97,2023-05-01,415.992243,Standard,0,2020-11-01,0
CUST_97,2023-06-01,457.7563375,Basic,0,2020-11-01,0
CUST_97,2023-07-01,183.6682249,Basic,0,2020-11-01,0
CUST_97,2023-08-01,439.3965222,Basic,0,2020-11-01,0
CUST_97,2023-09-01,281.151883,Standard,0,2020-11-01,0
CUST_97,2023-10-01,430.8202179,Premium,0,2020-11-01,0
CUST_97,2023-11-01,430.7944969,Basic,0,2020-11-01,0
CUST_97,2023-12-01,309.16791,Premium,0,2020-11-01,0
CUST_98,2023-01-01,97.83409531,Basic,0,2018-08-01,0
CUST_98,2023-02-01,67.60013707,Premium,1,2018-08-01,1
CUST_98,2023-03-01,362.1824127,Standard,1,2018-08-01,0
CUST_98,2023-04-01,262.3173415,Basic,1,2018-08-01,1
CUST_98,2023-05-01,50.94162538,Standard,1,2018-08-01,1
CUST_98,2023-06-01,91.21660671,Standard,1,2018-08-01,1
CUST_98,2023-07-01,128.3530524,Basic,1,2018-08-01,1
CUST_98,2023-08-01,61.6192874,Basic,1,2018-08-01,1
CUST_98,2023-09-01,264.4200397,Standard,1,2018-08-01,1
CUST_98,2023-10-01,130.2226339,Premium,1,2018-08-01,1
CUST_98,2023-11-01,201.6061059,Premium,1,2018-08-01,1
CUST_98,2023-12-01,117.5814224,Basic,1,2018-08-01,1
CUST_99,2023-01-01,311.9872381,Standard,0,2020-04-01,0
CUST_99,2023-02-01,220.1827234,Premium,0,2020-04-01,0
CUST_99,2023-03-01,354.0515871,Basic,0,2020-04-01,0
CUST_99,2023-04-01,211.8594666,Premium,0,2020-04-01,0
CUST_99,2023-05-01,270.9269925,Standard,0,2020-04-01,0
CUST_99,2023-06-01,67.42991378,Basic,0,2020-04-01,0
CUST_99,2023-07-01,349.116087,Standard,0,2020-04-01,0
CUST_99,2023-08-01,448.880641,Basic,0,2020-04-01,0
CUST_99,2023-09-01,215.443114,Standard,0,2020-04-01,0
CUST_99,2023-10-01,43.83249409,Basic,0,2020-04-01,0
CUST_99,2023-11-01,317.9289637,Basic,0,2020-04-01,0
CUST_99,2023-12-01,14.88960056,Standard,0,2020-04-01,0
CUST_100,2023-01-01,419.6976746,Standard,0,2021-07-01,0
CUST_100,2023-02-01,247.6963834,Standard,0,2021-07-01,0
CUST_100,2023-03-01,231.1341154,Standard,0,2021-07-01,0
CUST_100,2023-04-01,442.4543396,Premium,0,2021-07-01,0
CUST_100,2023-05-01,200.0347841,Standard,0,2021-07-01,0
CUST_100,2023-06-01,109.7016438,Basic,0,2021-07-01,0
CUST_100,2023-07-01,200.8084201,Basic,0,2021-07-01,0
CUST_100,2023-08-01,42.61671668,Premium,0,2021-07-01,0
CUST_100,2023-09-01,193.9797749,Premium,0,2021-07-01,0
CUST_100,2023-10-01,498.6193534,Premium,0,2021-07-01,0
CUST_100,2023-11-01,117.8545497,Premium,0,2021-07-01,0
CUST_100,2023-12-01,43.66970208,Standard,0,2021-07-01,0
